,count,diff_srv_rate,dst_host_count,dst_host_diff_srv_rate,dst_host_same_src_port_rate,dst_host_same_srv_rate,dst_host_srv_count,dst_host_srv_diff_host_rate,dst_host_srv_rerror_rate,dst_host_srv_serror_rate,duration,hot,same_srv_rate,srv_count,srv_diff_host_rate,Attack_type_1,is_guest_login_1,is_host_login_1,land_1,logged_in_1,flag_REJ,flag_RSTO,flag_RSTOS0,flag_RSTR,flag_S0,flag_S1,flag_S2,flag_S3,flag_SF,flag_SH,last_flag_1,last_flag_2,last_flag_3,last_flag_4,last_flag_5,last_flag_6,last_flag_7,last_flag_8,last_flag_9,last_flag_10,last_flag_11,last_flag_12,last_flag_13,last_flag_14,last_flag_15,last_flag_16,last_flag_17,last_flag_18,last_flag_19,last_flag_20,last_flag_21,num_shells_1,num_shells_2,root_shell_1,su_attempted_1,su_attempted_2,urgent_1,urgent_2,urgent_3,wrong_fragment_1,wrong_fragment_3,protocol_type_tcp,protocol_type_udp,abs
same_srv_rate,-0.621009436,-0.368318338,-0.499034995,-0.149881898,0.267981735,0.786372086,0.700313031,0.234503825,-0.205381175,-0.776380841,0.082945243,0.100638812,1,0.187655252,0.271652625,-0.749319444,0.068970781,0.002130356,0.008452804,0.594485998,-0.22203517,-0.113054298,-0.036748534,0.078469848,-0.775596102,0.035999526,0.022255574,0.013504785,0.824707605,0.029506849,0.014385518,0.011964975,0.014672715,0.01511558,0.012717418,0.015108476,0.017744053,0.01580055,0.023840088,0.028466216,0.048269779,0.051340016,0.036371763,0.042503889,0.118896724,0.07694112,0.051706032,-0.146500932,-0.249846727,-0.219520375,0.280894606,0.009943274,0.0047637,0.02707626,0.009763324,0.015936072,0.0047637,0.003689916,0.002130356,0.030144788,0.047955192,-0.255065477,0.181434078,0.749319444
flag_SF,-0.51484593,-0.198970768,-0.389686633,-0.193508996,0.221398115,0.721316548,0.657761605,0.170095631,-0.425522122,-0.757117306,-0.042646399,0.093958399,0.824707605,0.205785843,0.24571029,-0.747398094,0.075606551,0.002268232,-0.018154985,0.632137546,-0.372125565,-0.142394595,-0.036862438,-0.175206131,-0.761448592,-0.06946744,-0.040936458,-0.025419492,1,-0.056535605,0.014697998,0.013905295,0.011705172,0.009544757,0.003098658,0.005972507,0.005073923,0.001008306,-0.002290141,0.01384128,0.041636143,0.047569375,0.020819695,0.003741612,0.009536081,0.061362089,0.0440695,-0.143648477,-0.214272781,-0.178101284,0.291136262,0.014702305,0.005072004,0.021334112,0.006533166,0.008208971,0.005072004,0.003928725,0.002268232,0.032582768,0.067027214,-0.383303599,0.296425437,0.747398094
dst_host_srv_count,-0.384929514,-0.296071386,-0.291601404,-0.400686557,-0.081855426,0.892959538,1,0.01430982,-0.237533532,-0.571406146,-0.142556168,-0.046689282,0.700313031,0.203755671,0.143077663,-0.713763512,-0.070772625,-0.002627231,-0.014899131,0.614441185,-0.159856324,-0.095179758,-0.029909993,-0.135873321,-0.556243592,0.010387733,0.023459843,0.001315511,0.657761605,-0.047633173,-0.019665161,-0.017256887,-0.016035125,-0.019939068,-0.022228332,-0.021567527,-0.025047814,-0.01629234,-0.025424576,-0.020207934,-0.017287948,-0.040035315,-0.038299262,-0.048347617,-0.08991666,-0.053062278,-0.049471781,-0.100692603,-0.205300477,-0.21708886,0.430197701,-0.010888636,-0.006685715,-0.007876424,-0.010960703,-0.019955586,-0.006616205,-0.005298339,-0.003067607,-0.024777204,-0.044569768,-0.087838296,0.120223725,0.713763512
dst_host_same_srv_rate,-0.465365302,-0.326321799,-0.511759314,-0.430239553,0.12783091,1,0.892959538,0.254968208,-0.240539746,-0.638632427,-0.147486296,0.007069643,0.786372086,0.182512606,0.283764232,-0.682042261,-0.059338233,-0.00300537,0.011303927,0.592639515,-0.158108729,-0.099714539,-0.033404124,-0.144471193,-0.623359649,0.011783395,0.024257244,0.005166613,0.721316548,-0.049833277,-0.005533925,-0.003701172,-0.005324251,-0.008886399,-0.014634702,-0.01248883,-0.014569264,-0.002521895,0.010833671,0.022765495,0.043661619,0.027708368,0.004027484,-0.021409006,-0.013877996,0.056056708,0.011282125,-0.130734774,-0.225963025,-0.224126795,0.3542395,-0.009727658,0.001772495,0.006342287,-0.009783138,-0.014727437,-0.000494169,-0.00405723,-0.003261994,0.000116323,-0.052684037,-0.187703425,0.110745542,0.682042261
logged_in_1,-0.545066466,-0.215292994,-0.392693799,-0.25361414,-0.172353129,0.592639515,0.614441185,-0.056556691,-0.265690836,-0.494236122,-0.069121999,0.165747343,0.594485998,-0.211557125,0.121800133,-0.68151136,0.118276762,0.003440771,-0.011968164,1,-0.245313332,-0.07323237,-0.024300527,-0.09479982,-0.501925714,0.051766273,0.033098015,0.019088458,0.632137546,-0.03726951,0.002223208,0.01591551,0.008928113,0.01089389,0.004264242,0.001118346,-0.002273709,0.011063122,0.007719129,0.029083644,0.058834667,0.033257688,0.010427665,0.015418655,-0.12560885,-0.086276006,-0.088591135,-0.306926128,-0.201494701,-0.177683484,0.530057118,0.022302513,0.007693925,0.044761002,0.015768894,0.026435381,0.007693925,0.002591254,0.003440771,-0.034380732,-0.070725873,0.404454848,-0.312782623,0.68151136
dst_host_srv_serror_rate,0.493588456,0.078381923,0.403726914,0.004399995,-0.273640456,-0.638632427,-0.571406146,-0.190571872,-0.216055625,1,-0.076533556,-0.083893821,-0.776380841,-0.145798327,-0.225238926,0.662998201,-0.059947026,-0.000636385,0.013020975,-0.494236122,-0.178496087,-0.066948049,0.013855591,-0.082720161,0.980621104,-0.012200319,-0.016318919,-0.007978363,-0.757117306,0.072643695,-0.011010867,-0.010768985,-0.011840455,-0.012059153,-0.006671557,-0.015699713,-0.017999766,-0.017455915,-0.019748305,-0.024044191,-0.039993838,-0.036257991,-0.024666891,-0.009003895,-0.10847148,-0.077592828,-0.076392306,0.148614506,0.214692131,0.136068496,-0.212924344,-0.010174588,-0.000985482,-0.015317753,-0.002816884,-0.002995295,-0.003902431,-0.003022785,-0.001745191,-0.025069378,-0.051571143,0.294916101,-0.228071519,0.662998201
flag_S0,0.493710129,0.075949788,0.394778129,-0.019952697,-0.281611156,-0.623359649,-0.556243592,-0.185785802,-0.214572317,0.980621104,-0.084476245,-0.085377444,-0.775596102,-0.143561472,-0.2200054,0.658216834,-0.059797728,-0.001727142,0.023842693,-0.501925714,-0.177024995,-0.06773897,-0.017535944,-0.083347846,1,-0.033046569,-0.019474008,-0.012092384,-0.761448592,-0.026894726,-0.010997249,-0.010655389,-0.013928335,-0.011701092,-0.014419925,-0.01598849,-0.017318303,-0.017158565,-0.024075445,-0.027091651,-0.043294192,-0.044084991,-0.032365852,-0.038113016,-0.107892271,-0.069581996,-0.069106724,0.152133175,0.212647133,0.134268516,-0.209745056,-0.01119505,-0.003862071,-0.022468394,-0.007915411,-0.013269599,-0.003862071,-0.002991522,-0.001727142,-0.024810102,-0.051037778,0.291865986,-0.225712732,0.658216834
count,1,0.111587434,0.467192667,0.068845003,-0.128802403,-0.465365302,-0.384929514,-0.228016595,0.123297767,0.493588456,-0.099196685,-0.100330876,-0.621009436,0.502923071,-0.264247982,0.574748461,-0.071104099,-0.00205549,-0.009854593,-0.545066466,0.143921005,0.075378376,0.013024094,-0.078455073,0.493710129,-0.038519112,-0.021690136,-0.013402395,-0.51484593,-0.031113592,-0.015985714,-0.014460834,-0.016466433,-0.017973566,-0.016785692,-0.01809913,-0.021117057,-0.015007158,-0.021046766,-0.028671774,-0.04926499,-0.046698153,-0.038726103,-0.046656308,-0.110500179,-0.08518802,0.005552475,0.25504534,0.218162605,0.166096558,-0.32409067,-0.012039993,-0.004596291,-0.025680594,-0.009420215,-0.015785304,-0.004596291,-0.003560243,-0.00205549,-0.027848882,-0.011976383,-0.069055391,0.013386551,0.574748461
last_flag_21,-0.32409067,-0.182049055,-0.209778466,-0.177723615,-0.219078954,0.3542395,0.430197701,-0.108745638,-0.130479662,-0.212924344,-0.053176942,-0.111776209,0.280894606,-0.243639323,0.083450366,-0.484794625,-0.067449882,-0.002944541,-0.014724161,0.530057118,-0.048381119,-0.08450378,-0.029330445,-0.138822887,-0.209745056,-0.052728318,-0.033200524,-0.020615864,0.291136262,-0.045112973,-0.023003286,-0.021237849,-0.023745909,-0.026180065,-0.025846334,-0.02840689,-0.03159152,-0.030329023,-0.041045345,-0.046884469,-0.07468843,-0.079686965,-0.062509126,-0.076543006,-0.186291926,-0.140599984,-0.158643436,-0.455477491,-0.301039716,-0.413168689,1,0.001293101,-0.006584303,-0.033886111,-0.01224174,-0.021875224,-0.006584303,-0.005100137,-0.002944541,-0.042297836,-0.087012441,0.294024331,-0.151895987,0.484794625
dst_host_count,0.467192667,0.18210098,1,0.152365823,-0.314552885,-0.511759314,-0.291601404,-0.504685901,0.060670879,0.403726914,0.057981697,-0.041782615,-0.499034995,0.157781355,-0.356645904,0.362840017,-0.012135986,0.002157991,-0.025480343,-0.392693799,0.019243792,0.052521693,0.016842427,0.056599643,0.394778129,-0.035420326,-0.02385963,-0.012123981,-0.389686633,-0.023327687,-0.026983219,-0.019074683,-0.017260843,-0.01264571,-0.007000919,-0.009076236,-0.008184215,-0.011009104,-0.031364988,-0.03355929,-0.039442703,-0.056710227,-0.036702863,-0.023251741,-0.088530023,-0.134594718,-0.051255196,0.193275451,0.168994911,0.131736291,-0.209778466,-0.004262985,-0.010790155,-0.029403345,-0.000282784,-0.013074234,-0.004955172,-0.003297322,-0.004135705,-0.036747611,0.049299325,-0.024809638,0.175443754,0.362840017
dst_host_srv_rerror_rate,0.123297767,0.205024648,0.060670879,0.300566064,0.032794555,-0.240539746,-0.237533532,0.00918912,1,-0.216055625,0.186820374,-0.034431945,-0.205381175,-0.108776805,-0.074338116,0.238664643,-0.03186184,-0.000470663,-0.00515677,-0.265690836,0.814956734,0.281587516,0.035330579,0.373467859,-0.214572317,-0.012375186,-0.008674633,-0.003789245,-0.425522122,-0.016028401,-0.00706318,-0.006673426,-0.006044419,-0.006540105,-0.001415385,-0.001855933,0.001400625,0.002324371,0.021581454,0.000920267,-0.011605134,-0.017589457,0.003198904,0.029733197,0.141156797,0.003223402,0.013289653,-0.006106735,0.035342835,0.087549793,-0.130479662,-0.006684406,-0.001888143,-0.00912193,-0.001443375,-0.004528596,-0.002305988,-0.001786196,-0.001031252,-0.014813761,-0.030473935,0.17426905,-0.134769878,0.238664643
dst_host_diff_srv_rate,0.068845003,0.390279136,0.152365823,1,0.28082357,-0.430239553,-0.400686557,-0.081703576,0.300566064,0.004399995,0.392742199,-0.024489518,-0.149881898,-0.104273802,-0.116388775,0.221558328,-0.002067676,0.009026575,-0.004418988,-0.25361414,0.150991002,0.014802691,0.025581351,0.363199007,-0.019952697,0.000554871,-0.007999245,-0.002371824,-0.193508996,0.215719734,0.046822237,0.018759388,0.019541465,-0.000115254,0.012635823,0.004706328,0.016558075,0.007383187,0.009256541,-0.005902356,-0.011762014,-0.001159286,0.002661558,0.032487939,0.195723242,0.024974828,0.081676602,0.036430706,0.010752483,0.049621648,-0.177723615,-0.002493621,-0.00079969,-0.003732992,-0.000483123,0.006468362,0.00468478,0.00793857,0.000673214,0.016970422,0.076242514,-0.06832107,0.148966931,0.221558328
last_flag_19,0.218162605,0.098017868,0.168994911,0.010752483,-0.043358764,-0.225963025,-0.205300477,-0.076726635,0.035342835,0.214692131,-0.02538737,-0.007618258,-0.249846727,0.060813966,-0.106692356,0.218584693,0.006483808,-0.000841931,0.00216446,-0.201494701,0.03577534,0.043779889,-0.004359571,-0.027841444,0.212647133,-0.008869829,-0.003834149,-0.005894683,-0.214272781,0.008080026,-0.006577318,-0.006072527,-0.006789655,-0.007485652,-0.007390229,-0.008122368,-0.009032947,-0.008671962,-0.011736074,-0.013405652,-0.021355624,-0.022784853,-0.017873202,-0.021885902,-0.053266354,-0.040201681,-0.045360836,-0.130234444,1,-0.11813711,-0.301039716,-0.003817791,-0.001882646,-0.001139891,0.000778182,-0.002318493,0.007619162,-0.00145828,0.009781238,-0.006167984,-0.014379243,0.008724192,-0.046700605,0.218584693
protocol_type_udp,0.013386551,0.024188145,0.175443754,0.148966931,0.14534541,0.110745542,0.120223725,-0.116411441,-0.134769878,-0.228071519,0.088189619,-0.053428113,0.181434078,0.361631971,-0.057134807,-0.208184574,-0.037261048,-0.001076213,-0.005381599,-0.312782623,-0.110307483,-0.04220938,-0.010926964,-0.051935554,-0.225712732,-0.020591916,-0.012134607,-0.007534984,0.296425437,-0.016758591,-0.007289771,-0.007762316,-0.008678998,-0.005639427,-0.005466781,0.010441897,0.003110651,-0.002603883,-0.013747558,-0.008896438,-0.004813262,0.036415755,0.02130888,-0.00940638,0.011286133,-0.002970871,0.052653603,0.206363396,-0.046700605,0.00310773,-0.151895987,-0.006975838,-0.002406526,-0.014000464,-0.004932236,-0.008268528,-0.002406526,-0.001864072,-0.001076213,-0.010590554,0.226118295,-0.773343735,1,0.208184574
diff_srv_rate,0.111587434,1,0.18210098,0.390279136,0.00399855,-0.326321799,-0.296071386,-0.092537341,0.205024648,0.078381923,0.007655866,-0.02710549,-0.368318338,-0.107110336,-0.097162905,0.184109842,-0.011792668,-0.000983677,-0.00109125,-0.215292994,0.225080939,0.013725184,0.056261549,-0.002044912,0.075949788,-0.003690659,-0.005443811,-0.001823609,-0.198970768,-0.000872128,0.002436017,0.00293237,0.001959675,0.002800221,0.006211597,0.005251266,0.001530119,-0.001643784,-0.007588125,-0.006697005,-0.012963712,-0.011056398,-0.006514976,-0.00721527,-0.04046493,-0.004670853,0.068771172,0.064144004,0.098017868,0.117526583,-0.182049055,-3.19E-05,-0.002199606,-0.009386853,-0.004508147,-0.005250241,-0.002199606,-0.001703793,-0.000983677,-0.014043868,-0.023687182,-0.016375662,0.024188145,0.184109842
last_flag_15,-0.110500179,-0.04046493,-0.088530023,0.195723242,0.353690923,-0.013877996,-0.08991666,0.290937188,0.141156797,-0.10847148,0.333620198,0.004865157,0.118896724,-0.02764617,0.187446736,0.180881104,-0.004704265,-0.000521011,0.000660425,-0.12560885,-0.03297869,-0.017061694,-0.003680475,0.399671499,-0.107892271,-0.001410035,-0.004424998,0.012682501,0.009536081,-0.008113083,-0.004070231,-0.003757852,-0.004201632,-0.004632334,-0.004573284,-0.005026352,-0.005589844,-0.005366456,-0.007262616,-0.008295798,-0.013215467,-0.014099914,-0.011060445,-0.013543618,1,-0.024877942,-0.028070574,-0.080592773,-0.053266354,-0.073106599,-0.186291926,-0.003377107,-0.001165035,-0.003007438,0.001175384,0.002375417,-0.001165035,-0.000902425,-0.000521011,0.036918137,0.238360723,-0.173303977,0.011286133,0.180881104
last_flag_18,0.25504534,0.064144004,0.193275451,0.036430706,-0.005028204,-0.130734774,-0.100692603,-0.075617551,-0.006106735,0.148614506,-0.056414639,-0.044628515,-0.146500932,0.320264382,-0.113745363,0.179098019,-0.026949206,-0.001273854,-0.003274159,-0.306926128,-0.009484643,-0.008600483,-0.010645162,0.008476441,0.152133175,0.028768572,0.02342443,0.00103284,-0.143648477,0.070790636,-0.009951578,-0.009187823,-0.010272848,-0.011325901,-0.011181524,-0.012289261,-0.013666981,-0.013120805,-0.017756852,-0.020282948,-0.032311372,-0.034473815,-0.027042416,-0.03311369,-0.080592773,-0.060825731,-0.068631608,1,-0.130234444,-0.178743174,-0.455477491,-0.001091161,-0.002848471,-0.011806065,-0.005838014,-0.003740682,-0.002848471,-0.002206398,-0.001273854,-0.005347609,-0.003618088,-0.225243705,0.206363396,0.179098019
flag_REJ,0.143921005,0.225080939,0.019243792,0.150991002,-0.06086265,-0.158108729,-0.159856324,0.033148605,0.814956734,-0.178496087,-0.041278082,-0.041903314,-0.22203517,-0.087349565,-0.04010836,0.163460316,-0.029223592,-0.000844067,-0.004220753,-0.245313332,1,-0.033104536,-0.008569945,-0.04073271,-0.177024995,-0.016150103,-0.009517092,-0.005909638,-0.372125565,-0.013143652,-0.006594004,-0.006087933,-0.00680688,-0.007504643,-0.006200554,-0.007043331,0.000833848,0.004696847,-0.000340634,-0.012772518,-0.019309149,-0.0212664,-0.011904188,-0.011689931,-0.03297869,-0.016103419,0.016975411,-0.009484643,0.03577534,0.085512778,-0.048381119,-0.005471104,-0.001887422,-0.010980471,-0.00386832,-0.006484951,-0.001887422,-0.001461979,-0.000844067,-0.012124881,-0.02494254,0.142637068,-0.110307483,0.163460316
flag_RSTR,-0.078455073,-0.002044912,0.056599643,0.363199007,0.235933678,-0.144471193,-0.135873321,-0.043296154,0.373467859,-0.082720161,0.514440233,0.006941217,0.078469848,-0.051236652,-0.049107787,0.136704496,-0.013759207,-0.000397408,-0.001987237,-0.09479982,-0.04073271,-0.015586453,-0.004034947,1,-0.083347846,-0.007603877,-0.004480888,-0.002782407,-0.175206131,-0.006188364,-0.003104624,-0.002866353,0.009896361,0.008351091,0.008549387,0.035600852,0.017409889,0.026689587,0.011152823,0.032217666,0.004149181,-0.005259239,0.026512209,0.088521925,0.399671499,0.041404421,-0.000139081,0.008476441,-0.027841444,-0.042644373,-0.138822887,-0.002575934,-0.000888646,0.002958627,-0.001821303,-0.000303097,-0.000888646,-0.000688337,-0.000397408,-0.005708701,-0.011743579,0.06715714,-0.051935554,0.136704496
last_flag_20,0.166096558,0.117526583,0.131736291,0.049621648,-0.064108314,-0.224126795,-0.21708886,-0.074008671,0.087549793,0.136068496,-0.024498583,0.048224544,-0.219520375,-0.020815051,-0.117552171,0.120015878,0.067011285,-0.001155527,0.004161482,-0.177683484,0.085512778,0.087692215,0.051948348,-0.042644373,0.134268516,-0.003874578,-0.004205136,-0.00809029,-0.178101284,-0.016927784,-0.009027187,-0.008334376,-0.009318614,-0.010273851,-0.010142885,-0.011147725,-0.01239747,-0.011902028,-0.016107438,-0.018398887,-0.029310004,-0.031271581,-0.024530476,-0.030037796,-0.073106599,-0.055175696,-0.062256493,-0.178743174,-0.11813711,1,-0.413168689,-0.002377154,-0.00258388,0.034058154,0.009164155,0.018084994,0.001120119,0.007562156,-0.001155527,-0.016021413,-0.033864031,0.037633377,0.00310773,0.120015878
last_flag_16,-0.08518802,-0.004670853,-0.134594718,0.024974828,0.247863593,0.056056708,-0.053062278,0.343054568,0.003223402,-0.077592828,-0.003657212,0.017547624,0.07694112,-0.014727539,0.216624954,0.115061277,-0.008635683,-0.000393222,0.006568901,-0.086276006,-0.016103419,-0.009362504,-0.003992447,0.041404421,-0.069581996,0.007016065,0.014508696,0.003344079,0.061362089,-0.003377407,-0.003071923,-0.002836161,-0.003171095,-0.003496159,-0.003451591,-0.003793535,-0.004218819,-0.004050222,-0.00548131,-0.006261082,-0.009974101,-0.010641619,-0.008347642,-0.010221766,-0.024877942,1,-0.021185686,-0.060825731,-0.040201681,-0.055175696,-0.140599984,-0.002548802,0.008662579,0.001454012,0.002854141,0.005313968,-0.000879286,-0.000681086,-0.000393222,0.058326808,0.069099663,-0.18228667,-0.002970871,0.115061277
srv_diff_host_rate,-0.264247982,-0.097162905,-0.356645904,-0.116388775,0.24830054,0.283764232,0.143077663,0.479549845,-0.074338116,-0.225238926,-0.051929697,-0.019293489,0.271652625,-0.080755421,1,-0.107222901,-0.033227646,-0.001097146,0.038019091,0.121800133,-0.04010836,-0.037846847,-0.011139496,-0.049107787,-0.2200054,-0.000913774,0.018651686,-6.73E-05,0.24571029,-0.016174831,-0.002999986,-0.00338796,-0.004570632,-0.008530825,-0.007770823,-0.005620688,-0.008321467,-0.008151564,-0.006065067,-0.009447762,-0.01970447,-0.017704846,-0.013588444,-0.000123851,0.187446736,0.216624954,0.090882387,-0.113745363,-0.106692356,-0.117552171,0.083450366,-0.006305901,-0.002453334,-0.01266547,-0.005028169,-0.008429352,-0.002453334,-0.001900328,-0.001097146,0.029998889,-0.032421132,-0.169547017,-0.057134807,0.107222901
dst_host_same_src_port_rate,-0.128802403,0.00399855,-0.314552885,0.28082357,1,0.12783091,-0.081855426,0.477003176,0.032794555,-0.273640456,0.277034764,-0.039914333,0.267981735,0.15034115,0.24830054,0.105937991,-0.03688766,-0.001395344,0.034115588,-0.172353129,-0.06086265,-0.040817708,0.032528782,0.235933678,-0.281611156,-0.006164682,-0.002030566,0.001184431,0.221398115,0.104995012,0.019037387,0.005610659,0.018757356,0.008670342,3.63E-06,0.001735358,0.009902542,0.015926703,0.016609017,0.043568677,0.039687185,0.054299502,0.059230353,0.039228275,0.353690923,0.247863593,0.207838451,-0.005028204,-0.043358764,-0.064108314,-0.219078954,0.009378497,0.00954574,0.001241358,-0.004119806,-0.00532655,0.007194096,0.000299537,-0.001118588,0.051477298,0.029795975,-0.473821463,0.14534541,0.105937991
wrong_fragment_3,-0.011976383,-0.023687182,0.049299325,0.076242514,0.029795975,-0.052684037,-0.044569768,-0.027679322,-0.030473935,-0.051571143,-0.011902568,-0.012081074,0.047955192,0.028974829,-0.032421132,0.094612222,-0.008425405,-0.000243352,-0.001216878,-0.070725873,-0.02494254,-0.009544313,-0.002470787,-0.011743579,-0.051037778,-0.004656209,-0.002743857,-0.001703798,0.067027214,-0.003789424,-0.001901106,-0.001755202,-0.00196248,-0.002163651,-0.00213607,-0.002347687,-0.002610881,-0.002506542,-0.003392192,-0.003874766,-0.004821784,0.108713884,0.004502875,-0.005007436,0.238360723,0.069099663,0.014093925,-0.003618088,-0.014379243,-0.033864031,-0.087012441,-0.001577365,-0.00054416,-0.003165761,-0.001115269,-0.001869665,-0.00054416,-0.000421501,-0.000243352,-0.003495704,1,-0.174867167,0.226118295,0.094612222
flag_RSTO,0.075378376,0.013725184,0.052521693,0.014802691,-0.040817708,-0.099714539,-0.095179758,-0.023340969,0.281587516,-0.066948049,-0.003999141,-4.28E-05,-0.113054298,-0.030871509,-0.037846847,0.092924123,-0.007416883,-0.000322984,-0.001615079,-0.07323237,-0.033104536,1,-0.003279307,-0.015586453,-0.06773897,-0.006179869,-0.003641734,-0.002261335,-0.142394595,-0.005029445,-0.002523209,-0.00232956,0.000598755,0.005846067,0.017768628,0.007597774,0.020623346,0.011726912,0.065997021,0.027356824,0.005110674,-0.000102313,0.007792738,0.022566613,-0.017061694,-0.009362504,-0.003662113,-0.008600483,0.043779889,0.087692215,-0.08450378,-0.002093529,-0.000722226,-0.002214169,0.004154631,0.000880802,-0.000722226,-0.000559429,-0.000322984,-0.00463961,-0.009544313,0.054580361,-0.04220938,0.092924123
last_flag_11,-0.04926499,-0.012963712,-0.039442703,-0.011762014,0.039687185,0.043661619,-0.017287948,-0.0018132,-0.011605134,-0.039993838,-0.004252906,0.240517808,0.048269779,-0.025819925,-0.01970447,0.067710669,0.058661046,-0.000208884,-0.001044525,0.058834667,-0.019309149,0.005110674,0.009599617,0.004149181,-0.043294192,0.012624181,0.008200885,0.004200527,0.041636143,-0.000702457,-0.001631843,-0.001506604,-0.001684524,-0.001857202,-0.001833527,-0.002015172,-0.002241088,-0.002151527,-0.002911739,-0.003325964,1,-0.005652958,-0.00443437,-0.005429927,-0.013215467,-0.009974101,-0.011254095,-0.032311372,-0.021355624,-0.029310004,-0.07468843,-0.001353955,-0.000467088,0.003384261,-0.000957308,0.003556182,-0.000467088,-0.000361801,-0.000208884,-0.000236879,-0.004821784,0.015310625,-0.004813262,0.067710669
last_flag_12,-0.046698153,-0.011056398,-0.056710227,-0.001159286,0.054299502,0.027708368,-0.040035315,-0.002450468,-0.017589457,-0.036257991,0.008443866,0.152196084,0.051340016,-0.021203619,-0.017704846,0.060890692,0.008548357,-0.000222864,-0.001114431,0.033257688,-0.0212664,-0.000102313,0.00140165,-0.005259239,-0.044084991,0.030812579,-0.002512855,0.019686253,0.047569375,-0.003470397,-0.001741054,-0.001607433,-0.001797261,-0.001981496,-0.001956237,-0.002150038,-0.002391074,-0.002295519,-0.003106607,-0.003548554,-0.005652958,1,-0.004731141,-0.005793326,-0.014099914,-0.010641619,-0.012007277,-0.034473815,-0.022784853,-0.031271581,-0.079686965,-0.001444568,-0.000498347,0.022854579,-0.001021376,0.03217353,-0.000498347,-0.000386015,-0.000222864,0.017536512,0.108713884,-0.023745683,0.036415755,0.060890692
dst_host_srv_diff_host_rate,-0.228016595,-0.092537341,-0.504685901,-0.081703576,0.477003176,0.254968208,0.01430982,1,0.00918912,-0.190571872,-0.035436461,-0.03526391,0.234503825,-0.061711971,0.479549845,0.060236846,-0.028779839,-0.000936681,0.051983528,-0.056556691,0.033148605,-0.023340969,-0.008704385,-0.043296154,-0.185785802,-0.002015879,-0.000930188,-0.002469557,0.170095631,-0.014444188,0.023086072,0.007287759,0.004578841,0.008304493,0.002173075,-0.005611548,0.007610349,0.003979265,0.004859667,0.004459237,-0.0018132,-0.002450468,0.004541381,0.01918381,0.290937188,0.343054568,0.188967648,-0.075617551,-0.076726635,-0.074008671,-0.108745638,-0.003790639,0.002124186,0.011631762,-0.004224144,0.008895342,0.012249073,-0.001622393,-0.000936681,0.060042283,-0.027679322,-0.263456084,-0.116411441,0.060236846
flag_SH,-0.031113592,-0.000872128,-0.023327687,0.215719734,0.104995012,-0.049833277,-0.047633173,-0.014444188,-0.016028401,0.072643695,-0.006272144,-0.00533106,0.029506849,-0.015465036,-0.016174831,0.049113547,-0.004439828,-0.000128236,-0.000641243,-0.03726951,-0.013143652,-0.005029445,-0.001301999,-0.006188364,-0.026894726,-0.002453623,-0.001445895,-0.000897829,-0.056535605,1,-0.001001802,-0.000924916,-0.001034143,-0.001140152,-0.001125617,-0.001237131,-0.001375822,-0.00132084,-0.00178754,-0.002041836,-0.000702457,-0.003470397,-0.002722296,-0.003333476,-0.008113083,-0.003377407,0.01999406,0.070790636,0.008080026,-0.016927784,-0.045112973,-0.000831204,-0.000286749,-0.001668221,-0.000587699,-0.000985234,-0.000286749,-0.000222113,-0.000128236,-0.001842086,-0.003789424,0.021670301,-0.016758591,0.049113547
last_flag_17,0.005552475,0.068771172,-0.051255196,0.081676602,0.207838451,0.011282125,-0.049471781,0.188967648,0.013289653,-0.076392306,-0.014135678,-0.004600236,0.051706032,0.072086991,0.090882387,0.048178639,-0.007046619,0.018560751,0.001582618,-0.088591135,0.016975411,-0.003662113,0.004861943,-0.000139081,-0.069106724,0.041322269,0.045614723,0.010470871,0.0440695,0.01999406,-0.003466148,-0.003200131,-0.003578047,-0.003944827,-0.00389454,-0.004280366,-0.004760228,-0.004569994,-0.006184736,-0.007064579,-0.011254095,-0.012007277,-0.009418911,-0.011533544,-0.028070574,-0.021185686,1,-0.068631608,-0.045360836,-0.062256493,-0.158643436,0.002989993,-0.000992126,0.001542559,0.006261511,0.006490207,-0.000992126,-0.000768492,-0.000443685,0.038684048,0.014093925,-0.158385536,0.052653603,0.048178639
flag_S1,-0.038519112,-0.003690659,-0.035420326,0.000554871,-0.006164682,0.011783395,0.010387733,-0.002015879,-0.012375186,-0.012200319,-0.007706822,0.004827168,0.035999526,-0.01882393,-0.000913774,-0.048002933,0.008305852,-0.000157568,-0.000787919,0.051766273,-0.016150103,-0.006179869,-0.001599815,-0.007603877,-0.033046569,1,-0.001776626,-0.001103196,-0.06946744,-0.002453623,-0.001230952,-0.00113648,0.011736899,0.010398591,0.052399553,0.009355714,0.008090718,0.013658506,0.0317033,0.007388519,0.012624181,0.030812579,0.031353977,0.04051589,-0.001410035,0.007016065,0.041322269,0.028768572,-0.008869829,-0.003874578,-0.052728318,-0.001021332,-0.000352339,0.046372734,0.022158353,0.067052627,-0.000352339,-0.000272918,-0.000157568,-0.002263441,-0.004656209,0.02662712,-0.020591916,0.048002933
wrong_fragment_1,-0.027848882,-0.014043868,-0.036747611,0.016970422,0.051477298,0.000116323,-0.024777204,0.060042283,-0.014813761,-0.025069378,-0.005785987,-0.005872761,0.030144788,-0.012782957,0.029998889,0.045992185,-0.004095695,-0.000118296,-0.00059154,-0.034380732,-0.012124881,-0.00463961,-0.00120108,-0.005708701,-0.024810102,-0.002263441,-0.001333823,-0.000828237,0.032582768,-0.001842086,-0.000924152,-0.000853226,-0.000953986,-0.001051778,-0.00103837,-0.00114124,-0.001269182,-0.001218461,0.003361517,-0.001883572,-0.000236879,0.017536512,0.06342831,0.069756398,0.036918137,0.058326808,0.038684048,-0.005347609,-0.006167984,-0.016021413,-0.042297836,-0.000766777,-0.000264523,-0.001538916,-0.000542146,-0.000908868,-0.000264523,-0.000204897,-0.000118296,1,-0.003495704,-0.085005118,-0.010590554,0.045992185
protocol_type_tcp,-0.069055391,-0.016375662,-0.024809638,-0.06832107,-0.473821463,-0.187703425,-0.087838296,-0.263456084,0.17426905,0.294916101,-0.049867474,0.069087148,-0.255065477,-0.532402791,-0.169547017,0.038842378,0.048181742,0.001391637,0.006958871,0.404454848,0.142637068,0.054580361,0.014129505,0.06715714,0.291865986,0.02662712,0.015691092,0.009743383,-0.383303599,0.021670301,0.000574821,0.008009703,-0.001473019,0.00250172,0.00055025,-0.014628534,-0.004162792,0.005811076,0.014146787,0.01387826,0.015310625,-0.023745683,-0.016765136,0.007053043,-0.173303977,-0.18228667,-0.158385536,-0.225243705,0.008724192,0.037633377,0.294024331,0.009020359,0.003111845,0.018103804,0.006377806,0.010691918,0.003111845,0.002410405,0.001391637,-0.085005118,-0.174867167,1,-0.773343735,0.038842378
last_flag_13,-0.038726103,-0.006514976,-0.036702863,0.002661558,0.059230353,0.004027484,-0.038299262,0.004541381,0.003198904,-0.024666891,0.035326133,0.049507233,0.036371763,-0.021364773,-0.013588444,0.037667171,0.006358953,-0.000174822,0.008582859,0.010427665,-0.011904188,0.007792738,-0.001774996,0.026512209,-0.032365852,0.031353977,-0.001971167,0.066333077,0.020819695,-0.002722296,-0.001365741,-0.001260925,-0.001409832,-0.001554352,-0.001534538,-0.001686562,-0.001875638,-0.001800682,-0.002436927,-0.002783605,-0.00443437,-0.004731141,1,-0.004544479,-0.011060445,-0.008347642,-0.009418911,-0.027042416,-0.017873202,-0.024530476,-0.062509126,-0.001133168,-0.00039092,0.012283692,0.040472093,0.017127488,-0.00039092,-0.000302803,-0.000174822,0.06342831,0.004502875,-0.016765136,0.02130888,0.037667171
last_flag_10,-0.028671774,-0.006697005,-0.03355929,-0.005902356,0.043568677,0.022765495,-0.020207934,0.004459237,0.000920267,-0.024044191,0.008647367,0.084103923,0.028466216,-0.0164782,-0.009447762,0.036444464,0.024831289,-0.000131124,-0.000655684,0.029083644,-0.012772518,0.027356824,0.0172801,0.032217666,-0.027091651,0.007388519,0.004109048,0.008074488,0.01384128,-0.002041836,-0.001024363,-0.000945746,-0.001057433,-0.001165829,-0.001150968,-0.001264992,-0.001406807,-0.001350587,-0.001827797,1,-0.003325964,-0.003548554,-0.002783605,-0.00340855,-0.008295798,-0.006261082,-0.007064579,-0.020282948,-0.013405652,-0.018398887,-0.046884469,-0.000849923,-0.000293207,0.00313874,-0.000600935,0.007188015,-0.000293207,-0.000227115,-0.000131124,-0.001883572,-0.003874766,0.01387826,-0.008896438,0.036444464
is_guest_login_1,-0.071104099,-0.011792668,-0.012135986,-0.002067676,-0.03688766,-0.059338233,-0.070772625,-0.028779839,-0.03186184,-0.059947026,0.007814152,0.812157878,0.068970781,-0.037636991,-0.033227646,-0.036171113,1,-0.00028512,-0.001425739,0.118276762,-0.029223592,-0.007416883,-0.002894864,-0.013759207,-0.059797728,0.008305852,-0.000625201,-0.001996232,0.075606551,-0.004439828,-0.002227406,0.066721291,0.037507734,0.089381492,0.070648722,0.051712808,0.081298986,0.084926258,0.037941989,0.024831289,0.058661046,0.008548357,0.006358953,0.01628284,-0.004704265,-0.008635683,-0.007046619,-0.026949206,0.006483808,0.067011285,-0.067449882,-0.001848098,-0.000637557,-0.003709121,-0.00130669,-0.002190568,-0.000637557,-0.000493846,-0.00028512,-0.004095695,-0.008425405,0.048181742,-0.037261048,0.036171113
flag_RSTOS0,0.013024094,0.056261549,0.016842427,0.025581351,0.032528782,-0.033404124,-0.029909993,-0.008704385,0.035330579,0.013855591,0.020497005,-0.004150906,-0.036748534,-0.010563653,-0.011139496,0.032507579,-0.002894864,-8.36E-05,-0.000418104,-0.024300527,-0.008569945,-0.003279307,1,-0.004034947,-0.017535944,-0.001599815,-0.000942755,-0.000585404,-0.036862438,-0.001301999,-0.000653196,0.01306972,-0.000674284,0.010350731,0.010503271,-0.000806636,-0.000897066,-0.000861216,0.005917399,0.0172801,0.009599617,0.00140165,-0.001774996,-0.002173499,-0.003680475,-0.003992447,0.004861943,-0.010645162,-0.004359571,0.051948348,-0.029330445,-0.000541963,-0.000186966,-0.001087716,-0.000383192,-0.000642394,-0.000186966,-0.000144822,-8.36E-05,-0.00120108,-0.002470787,0.014129505,-0.010926964,0.032507579
last_flag_6,-0.01809913,0.005251266,-0.009076236,0.004706328,0.001735358,-0.01248883,-0.021567527,-0.005611548,-0.001855933,-0.015699713,-0.001187868,0.05529801,0.015108476,-0.010174471,-0.005620688,0.026096436,0.051712808,-7.94E-05,-0.000397273,0.001118346,-0.007043331,0.007597774,-0.000806636,0.035600852,-0.01598849,0.009355714,-0.000895785,-0.000556238,0.005972507,-0.001237131,-0.000620653,-0.000573019,-0.00064069,-0.000706366,-0.000697361,1,-0.000852372,-0.000818309,-0.001107446,-0.001264992,-0.002015172,-0.002150038,-0.001686562,-0.002065211,-0.005026352,-0.003793535,-0.004280366,-0.012289261,-0.008122368,-0.011147725,-0.02840689,0.01549445,-0.000177651,0.006951642,-0.000364101,-0.000610388,-0.000177651,-0.000137607,-7.94E-05,-0.00114124,-0.002347687,-0.014628534,0.010441897,0.026096436
last_flag_9,-0.021046766,-0.007588125,-0.031364988,0.009256541,0.016609017,0.010833671,-0.025424576,0.004859667,0.021581454,-0.019748305,-0.003646639,0.093709301,0.023840088,-0.014608802,-0.006065067,0.025961346,0.037941989,-0.000114793,-0.000574023,0.007719129,-0.000340634,0.065997021,0.005917399,0.011152823,-0.024075445,0.0317033,0.005084953,-0.000803712,-0.002290141,-0.00178754,-0.000896786,-0.00082796,-0.000925737,-0.001020633,-0.001007623,-0.001107446,-0.0012316,-0.001182381,1,-0.001827797,-0.002911739,-0.003106607,-0.002436927,-0.002984039,-0.007262616,-0.00548131,-0.006184736,-0.017756852,-0.011736074,-0.016107438,-0.041045345,-0.000744072,-0.00025669,0.004037675,-0.000526093,-0.000881955,-0.00025669,-0.00019883,-0.000114793,0.003361517,-0.003392192,0.014146787,-0.013747558,0.025961346
last_flag_8,-0.015007158,-0.001643784,-0.011009104,0.007383187,0.015926703,-0.002521895,-0.01629234,0.003979265,0.002324371,-0.017455915,-0.002720968,0.088799302,0.01580055,-0.010690694,-0.008151564,0.025684413,0.084926258,-8.48E-05,0.019012048,0.011063122,0.004696847,0.011726912,-0.000861216,0.026689587,-0.017158565,0.013658506,0.007670647,-0.000593875,0.001008306,-0.00132084,-0.000662649,-0.000611792,-0.000684041,-0.000754161,-0.000744548,-0.000818309,-0.000910048,1,-0.001182381,-0.001350587,-0.002151527,-0.002295519,-0.001800682,-0.002204952,-0.005366456,-0.004050222,-0.004569994,-0.013120805,-0.008671962,-0.011902028,-0.030329023,-0.000549806,-0.000189672,-0.001103456,-0.000388738,-0.00065169,-0.000189672,-0.000146918,-8.48E-05,-0.001218461,-0.002506542,0.005811076,-0.002603883,0.025684413
flag_S2,-0.021690136,-0.005443811,-0.02385963,-0.007999245,-0.002030566,0.024257244,0.023459843,-0.000930188,-0.008674633,-0.016318919,-0.004330187,0.068944941,0.022255574,-0.011056245,0.018651686,-0.024900207,-0.000625201,-9.29E-05,-0.000464313,0.033098015,-0.009517092,-0.003641734,-0.000942755,-0.004480888,-0.019474008,-0.001776626,1,-0.000650102,-0.040936458,-0.001445895,-0.000725387,-0.000669716,0.010266206,-0.000825564,0.009305827,-0.000895785,-0.000996209,0.007670647,0.005084953,0.004109048,0.008200885,-0.002512855,-0.001971167,0.014758084,-0.004424998,0.014508696,0.045614723,0.02342443,-0.003834149,-0.004205136,-0.033200524,-0.00060186,-0.00020763,-0.00120793,-0.000425543,-0.000713391,-0.00020763,-0.000160828,-9.29E-05,-0.001333823,-0.002743857,0.015691092,-0.012134607,0.024900207
last_flag_3,-0.016466433,0.001959675,-0.017260843,0.019541465,0.018757356,-0.005324251,-0.016035125,0.004578841,-0.006044419,-0.011840455,0.012479906,0.053585943,0.014672715,-0.008612112,-0.004570632,0.022954538,0.037507734,-6.64E-05,-0.000332089,0.008928113,-0.00680688,0.000598755,-0.000674284,0.009896361,-0.013928335,0.011736899,0.010266206,-0.000464971,0.011705172,-0.001034143,-0.000518817,-0.000478999,1,-0.000590466,-0.000582939,-0.00064069,-0.000712516,-0.000684041,-0.000925737,-0.001057433,-0.001684524,-0.001797261,-0.001409832,-0.001726352,-0.004201632,-0.003171095,-0.003578047,-0.010272848,-0.006789655,-0.009318614,-0.023745909,-0.000430467,-0.000148502,0.027787064,-0.00030436,-0.000510236,0.055337511,0.071516517,-6.64E-05,-0.000953986,-0.00196248,-0.001473019,-0.008678998,0.022954538
last_flag_1,-0.015985714,0.002436017,-0.026983219,0.046822237,0.019037387,-0.005533925,-0.019665161,0.023086072,-0.00706318,-0.011010867,0.000546929,0.015348469,0.014385518,-0.008426669,-0.002999986,0.022794091,-0.002227406,-6.43E-05,0.076527638,0.002223208,-0.006594004,-0.002523209,-0.000653196,-0.003104624,-0.010997249,-0.001230952,-0.000725387,-0.000450429,0.014697998,-0.001001802,1,-0.000464019,-0.000518817,-0.000572,-0.000564708,-0.000620653,-0.000690233,-0.000662649,-0.000896786,-0.001024363,-0.001631843,-0.001741054,-0.001365741,-0.001672363,-0.004070231,-0.003071923,-0.003466148,-0.009951578,-0.006577318,-0.009027187,-0.023003286,0.0391128,-0.000143858,0.038596386,-0.000294841,-0.000494279,0.057131542,-0.000111431,-6.43E-05,-0.000924152,-0.001901106,0.000574821,-0.007289771,0.022794091
last_flag_4,-0.017973566,0.002800221,-0.01264571,-0.000115254,0.008670342,-0.008886399,-0.019939068,0.008304493,-0.006540105,-0.012059153,0.041492917,0.096849336,0.01511558,-0.009526622,-0.008530825,0.022618342,0.089381492,-7.32E-05,0.022145268,0.01089389,-0.007504643,0.005846067,0.010350731,0.008351091,-0.011701092,0.010398591,-0.000825564,-0.000512634,0.009544757,-0.001140152,-0.000572,-0.0005281,-0.000590466,1,-0.000642695,-0.000706366,-0.000785555,-0.000754161,-0.001020633,-0.001165829,-0.001857202,-0.001981496,-0.001554352,-0.001903318,-0.004632334,-0.003496159,-0.003944827,-0.011325901,-0.007485652,-0.010273851,-0.026180065,-0.000474593,0.050169146,0.051027711,-0.000335559,-0.00056254,-0.000163725,-0.00012682,-7.32E-05,-0.001051778,-0.002163651,0.00250172,-0.005639427,0.022618342
last_flag_7,-0.021117057,0.001530119,-0.008184215,0.016558075,0.009902542,-0.014569264,-0.025047814,0.007610349,0.001400625,-0.017999766,0.002724877,0.073657362,0.017744053,-0.011471322,-0.008321467,0.022500157,0.081298986,-8.84E-05,-0.000441811,-0.002273709,0.000833848,0.020623346,-0.000897066,0.017409889,-0.017318303,0.008090718,-0.000996209,-0.000618596,0.005073923,-0.001375822,-0.000690233,-0.000637259,-0.000712516,-0.000785555,-0.000775541,-0.000852372,1,-0.000910048,-0.0012316,-0.001406807,-0.002241088,-0.002391074,-0.001875638,-0.002296737,-0.005589844,-0.004218819,-0.004760228,-0.013666981,-0.009032947,-0.01239747,-0.03159152,-0.000572692,-0.000197567,-0.00114939,-0.00040492,-0.000678818,-0.000197567,-0.000153034,-8.84E-05,-0.001269182,-0.002610881,-0.004162792,0.003110651,0.022500157
last_flag_2,-0.014460834,0.00293237,-0.019074683,0.018759388,0.005610659,-0.003701172,-0.017256887,0.007287759,-0.006673426,-0.010768985,0.022147828,0.095230877,0.011964975,-0.007819247,-0.00338796,0.021491086,0.066721291,-5.94E-05,0.055190599,0.01591551,-0.006087933,-0.00232956,0.01306972,-0.002866353,-0.010655389,-0.00113648,-0.000669716,-0.00041586,0.013905295,-0.000924916,-0.000464019,1,-0.000478999,-0.0005281,-0.000521368,-0.000573019,-0.000637259,-0.000611792,-0.00082796,-0.000945746,-0.001506604,-0.001607433,-0.001260925,-0.001544014,-0.003757852,-0.002836161,-0.003200131,-0.009187823,-0.006072527,-0.008334376,-0.021237849,-0.000385001,0.06189911,0.127351649,-0.000272213,-0.000456345,-0.000132818,-0.000102879,-5.94E-05,-0.000853226,-0.001755202,0.008009703,-0.007762316,0.021491086
su_attempted_2,-0.015785304,-0.005250241,-0.013074234,0.006468362,-0.00532655,-0.014727437,-0.019955586,0.008895342,-0.004528596,-0.002995295,0.143378765,0.004191014,0.015936072,-0.008354037,-0.008429352,-0.019761352,-0.002190568,-6.33E-05,-0.000316383,0.026435381,-0.006484951,0.000880802,-0.000642394,-0.000303097,-0.013269599,0.067052627,-0.000713391,-0.00044298,0.008208971,-0.000985234,-0.000494279,-0.000456345,-0.000510236,-0.00056254,-0.000555369,-0.000610388,-0.000678818,-0.00065169,-0.000881955,0.007188015,0.003556182,0.03217353,0.017127488,0.008429943,0.002375417,0.005313968,0.006490207,-0.003740682,-0.002318493,0.018084994,-0.021875224,-0.000410108,-0.000141479,0.590589558,-0.000289965,1,0.116333719,0.07507421,-6.33E-05,-0.000908868,-0.001869665,0.010691918,-0.008268528,0.019761352
root_shell_1,-0.025680594,-0.009386853,-0.029403345,-0.003732992,0.001241358,0.006342287,-0.007876424,0.011631762,-0.00912193,-0.015317753,0.091615983,0.090652103,0.02707626,-0.012468354,-0.01266547,-0.01923807,-0.003709121,-0.000107131,-0.000535707,0.044761002,-0.010980471,-0.002214169,-0.001087716,0.002958627,-0.022468394,0.046372734,-0.00120793,-0.000750064,0.021334112,-0.001668221,0.038596386,0.127351649,0.027787064,0.051027711,0.007834724,0.006951642,-0.00114939,-0.001103456,0.004037675,0.00313874,0.003384261,0.022854579,0.012283692,0.009125906,-0.003007438,0.001454012,0.001542559,-0.011806065,-0.001139891,0.034058154,-0.033886111,0.046824841,0.137463316,1,0.150701259,0.590589558,0.103037598,0.044257487,-0.000107131,-0.001538916,-0.003165761,0.018103804,-0.014000464,0.01923807
last_flag_5,-0.016785692,0.006211597,-0.007000919,0.012635823,3.63E-06,-0.014634702,-0.022228332,0.002173075,-0.001415385,-0.006671557,0.008093386,0.061513965,0.012717418,-0.009434013,-0.007770823,0.018230886,0.070648722,-7.23E-05,-0.000361464,0.004264242,-0.006200554,0.017768628,0.010503271,0.008549387,-0.014419925,0.052399553,0.009305827,-0.000506099,0.003098658,-0.001125617,-0.000564708,-0.000521368,-0.000582939,-0.000642695,1,-0.000697361,-0.000775541,-0.000744548,-0.001007623,-0.001150968,-0.001833527,-0.001956237,-0.001534538,-0.001879056,-0.004573284,-0.003451591,-0.00389454,-0.011181524,-0.007390229,-0.010142885,-0.025846334,0.017124576,-0.000161638,0.007834724,0.024546995,-0.000555369,-0.000161638,-0.000125203,-7.23E-05,-0.00103837,-0.00213607,0.00055025,-0.005466781,0.018230886
duration,-0.099196685,0.007655866,0.057981697,0.392742199,0.277034764,-0.147486296,-0.142556168,-0.035436461,0.186820374,-0.076533556,1,0.02054087,0.082945243,-0.052013921,-0.051929697,0.01627766,0.007814152,-0.000280508,-0.002014141,-0.069121999,-0.041278082,-0.003999141,0.020497005,0.514440233,-0.084476245,-0.007706822,-0.004330187,0.004125783,-0.042646399,-0.006272144,0.000546929,0.022147828,0.012479906,0.041492917,0.008093386,-0.001187868,0.002724877,-0.002720968,-0.003646639,0.008647367,-0.004252906,0.008443866,0.035326133,0.028375869,0.333620198,-0.003657212,-0.014135678,-0.056414639,-0.02538737,-0.024498583,-0.053176942,-0.002156738,0.000302422,0.091615983,0.039359857,0.143378765,0.009756461,0.003139193,0.005583957,-0.005785987,-0.011902568,-0.049867474,0.088189619,0.01627766
flag_S3,-0.013402395,-0.001823609,-0.012123981,-0.002371824,0.001184431,0.005166613,0.001315511,-0.002469557,-0.003789245,-0.007978363,0.004125783,0.005182795,0.013504785,-0.006239877,-6.73E-05,-0.014708244,-0.001996232,-5.77E-05,-0.000288315,0.019088458,-0.005909638,-0.002261335,-0.000585404,-0.002782407,-0.012092384,-0.001103196,-0.000650102,1,-0.025419492,-0.000897829,-0.000450429,-0.00041586,-0.000464971,-0.000512634,-0.000506099,-0.000556238,-0.000618596,-0.000593875,-0.000803712,0.008074488,0.004200527,0.019686253,0.066333077,0.053773817,0.012682501,0.003344079,0.010470871,0.00103284,-0.005894683,-0.00809029,-0.020615864,-0.000373725,-0.000128928,-0.000750064,-0.000264241,-0.00044298,-0.000128928,-9.99E-05,-5.77E-05,-0.000828237,-0.001703798,0.009743383,-0.007534984,0.014708244
num_shells_1,-0.012039993,-3.19E-05,-0.004262985,-0.002493621,0.009378497,-0.009727658,-0.010888636,-0.003790639,-0.006684406,-0.010174588,-0.002156738,0.001074117,0.009943274,-0.005330907,-0.006305901,-0.012216544,-0.001848098,-5.34E-05,-0.00026692,0.022302513,-0.005471104,-0.002093529,-0.000541963,-0.002575934,-0.01119505,-0.001021332,-0.00060186,-0.000373725,0.014702305,-0.000831204,0.0391128,-0.000385001,-0.000430467,-0.000474593,0.017124576,0.01549445,-0.000572692,-0.000549806,-0.000744072,-0.000849923,-0.001353955,-0.001444568,-0.001133168,0.004582378,-0.003377107,-0.002548802,0.002989993,-0.001091161,-0.003817791,-0.002377154,0.001293101,1,-0.00011936,0.046824841,0.033435856,-0.000410108,-0.00011936,-9.25E-05,-5.34E-05,-0.000766777,-0.001577365,0.009020359,-0.006975838,0.012216544
last_flag_14,-0.046656308,-0.00721527,-0.023251741,0.032487939,0.039228275,-0.021409006,-0.048347617,0.01918381,0.029733197,-0.009003895,0.028375869,0.020176232,0.042503889,-0.025954006,-0.000123851,0.011310408,0.01628284,-0.000214071,0.01440434,0.015418655,-0.011689931,0.022566613,-0.002173499,0.088521925,-0.038113016,0.04051589,0.014758084,0.053773817,0.003741612,-0.003333476,-0.001672363,-0.001544014,-0.001726352,-0.001903318,-0.001879056,-0.002065211,-0.002296737,-0.002204952,-0.002984039,-0.00340855,-0.005429927,-0.005793326,-0.004544479,1,-0.013543618,-0.010221766,-0.011533544,-0.03311369,-0.021885902,-0.030037796,-0.076543006,0.004582378,0.016821243,0.009125906,0.007460979,0.008429943,-0.000478686,-0.000370785,-0.000214071,0.069756398,-0.005007436,0.007053043,-0.00940638,0.011310408
hot,-0.100330876,-0.02710549,-0.041782615,-0.024489518,-0.039914333,0.007069643,-0.046689282,-0.03526391,-0.034431945,-0.083893821,0.02054087,1,0.100638812,-0.05155429,-0.019293489,0.010891712,0.812157878,0.007634745,-0.002044348,0.165747343,-0.041903314,-4.28E-05,-0.004150906,0.006941217,-0.085377444,0.004827168,0.068944941,0.005182795,0.093958399,-0.00533106,0.015348469,0.095230877,0.053585943,0.096849336,0.061513965,0.05529801,0.073657362,0.088799302,0.093709301,0.084103923,0.240517808,0.152196084,0.049507233,0.020176232,0.004865157,0.017547624,-0.004600236,-0.044628515,-0.007618258,0.048224544,-0.111776209,0.001074117,0.042252874,0.090652103,0.008658733,0.004191014,0.006280325,0.003935879,-0.000408829,-0.005872761,-0.012081074,0.069087148,-0.053428113,0.010891712
su_attempted_1,-0.009420215,-0.004508147,-0.000282784,-0.000483123,-0.004119806,-0.009783138,-0.010960703,-0.004224144,-0.001443375,-0.002816884,0.039359857,0.008658733,0.009763324,-0.004986417,-0.005028169,-0.010527734,-0.00130669,-3.77E-05,-0.000188725,0.015768894,-0.00386832,0.004154631,-0.000383192,-0.001821303,-0.007915411,0.022158353,-0.000425543,-0.000264241,0.006533166,-0.000587699,-0.000294841,-0.000272213,-0.00030436,-0.000335559,0.024546995,-0.000364101,-0.00040492,-0.000388738,-0.000526093,-0.000600935,-0.000957308,-0.001021376,0.040472093,0.007460979,0.001175384,0.002854141,0.006261511,-0.005838014,0.000778182,0.009164155,-0.01224174,0.033435856,-8.44E-05,0.150701259,1,-0.000289965,-8.44E-05,-6.54E-05,-3.77E-05,-0.000542146,-0.001115269,0.006377806,-0.004932236,0.010527734
land_1,-0.009854593,-0.00109125,-0.025480343,-0.004418988,0.034115588,0.011303927,-0.014899131,0.051983528,-0.00515677,0.013020975,-0.002014141,-0.002044348,0.008452804,-0.005277255,0.038019091,0.007926048,-0.001425739,-4.12E-05,1,-0.011968164,-0.004220753,-0.001615079,-0.000418104,-0.001987237,0.023842693,-0.000787919,-0.000464313,-0.000288315,-0.018154985,-0.000641243,0.076527638,0.055190599,-0.000332089,0.022145268,-0.000361464,-0.000397273,-0.000441811,0.019012048,-0.000574023,-0.000655684,-0.001044525,-0.001114431,0.008582859,0.01440434,0.000660425,0.006568901,0.001582618,-0.003274159,0.00216446,0.004161482,-0.014724161,-0.00026692,-9.21E-05,-0.000535707,-0.000188725,-0.000316383,-9.21E-05,-7.13E-05,-4.12E-05,-0.00059154,-0.001216878,0.006958871,-0.005381599,0.007926048
urgent_3,-0.00205549,-0.000983677,-0.004135705,0.000673214,-0.001118588,-0.003261994,-0.003067607,-0.000936681,-0.001031252,-0.001745191,0.005583957,-0.000408829,0.002130356,-0.001088036,-0.001097146,-0.002572094,-0.00028512,-8.24E-06,-4.12E-05,0.003440771,-0.000844067,-0.000322984,-8.36E-05,-0.000397408,-0.001727142,-0.000157568,-9.29E-05,-5.77E-05,0.002268232,-0.000128236,-6.43E-05,-5.94E-05,-6.64E-05,-7.32E-05,-7.23E-05,-7.94E-05,-8.84E-05,-8.48E-05,-0.000114793,-0.000131124,-0.000208884,-0.000222864,-0.000174822,-0.000214071,-0.000521011,-0.000393222,-0.000443685,-0.001273854,0.009781238,-0.001155527,-0.002944541,-5.34E-05,-1.84E-05,-0.000107131,-3.77E-05,-6.33E-05,-1.84E-05,-1.43E-05,1,-0.000118296,-0.000243352,0.001391637,-0.001076213,0.002572094
is_host_login_1,-0.00205549,-0.000983677,0.002157991,0.009026575,-0.001395344,-0.00300537,-0.002627231,-0.000936681,-0.000470663,-0.000636385,-0.000280508,0.007634745,0.002130356,-0.001088036,-0.001097146,-0.002572094,-0.00028512,1,-4.12E-05,0.003440771,-0.000844067,-0.000322984,-8.36E-05,-0.000397408,-0.001727142,-0.000157568,-9.29E-05,-5.77E-05,0.002268232,-0.000128236,-6.43E-05,-5.94E-05,-6.64E-05,-7.32E-05,-7.23E-05,-7.94E-05,-8.84E-05,-8.48E-05,-0.000114793,-0.000131124,-0.000208884,-0.000222864,-0.000174822,-0.000214071,-0.000521011,-0.000393222,0.018560751,-0.001273854,-0.000841931,-0.001155527,-0.002944541,-5.34E-05,-1.84E-05,-0.000107131,-3.77E-05,-6.33E-05,-1.84E-05,-1.43E-05,-8.24E-06,-0.000118296,-0.000243352,0.001391637,-0.001076213,0.002572094
num_shells_2,-0.004596291,-0.002199606,-0.010790155,-0.00079969,0.00954574,0.001772495,-0.006685715,0.002124186,-0.001888143,-0.000985482,0.000302422,0.042252874,0.0047637,-0.002432962,-0.002453334,0.001995042,-0.000637557,-1.84E-05,-9.21E-05,0.007693925,-0.001887422,-0.000722226,-0.000186966,-0.000888646,-0.003862071,-0.000352339,-0.00020763,-0.000128928,0.005072004,-0.000286749,-0.000143858,0.06189911,-0.000148502,0.050169146,-0.000161638,-0.000177651,-0.000197567,-0.000189672,-0.00025669,-0.000293207,-0.000467088,-0.000498347,-0.00039092,0.016821243,-0.001165035,0.008662579,-0.000992126,-0.002848471,-0.001882646,-0.00258388,-0.006584303,-0.00011936,1,0.137463316,-8.44E-05,-0.000141479,-4.12E-05,-3.19E-05,-1.84E-05,-0.000264523,-0.00054416,0.003111845,-0.002406526,0.001995042
urgent_2,-0.003560243,-0.001703793,-0.003297322,0.00793857,0.000299537,-0.00405723,-0.005298339,-0.001622393,-0.001786196,-0.003022785,0.003139193,0.003935879,0.003689916,-0.001884549,-0.001900328,-0.001121493,-0.000493846,-1.43E-05,-7.13E-05,0.002591254,-0.001461979,-0.000559429,-0.000144822,-0.000688337,-0.002991522,-0.000272918,-0.000160828,-9.99E-05,0.003928725,-0.000222113,-0.000111431,-0.000102879,0.071516517,-0.00012682,-0.000125203,-0.000137607,-0.000153034,-0.000146918,-0.00019883,-0.000227115,-0.000361801,-0.000386015,-0.000302803,-0.000370785,-0.000902425,-0.000681086,-0.000768492,-0.002206398,-0.00145828,0.007562156,-0.005100137,-9.25E-05,-3.19E-05,0.044257487,-6.54E-05,0.07507421,-3.19E-05,1,-1.43E-05,-0.000204897,-0.000421501,0.002410405,-0.001864072,0.001121493
srv_count,0.502923071,-0.107110336,0.157781355,-0.104273802,0.15034115,0.182512606,0.203755671,-0.061711971,-0.108776805,-0.145798327,-0.052013921,-0.05155429,0.187655252,1,-0.080755421,-0.000872858,-0.037636991,-0.001088036,-0.005277255,-0.211557125,-0.087349565,-0.030871509,-0.010563653,-0.051236652,-0.143561472,-0.01882393,-0.011056245,-0.006239877,0.205785843,-0.015465036,-0.008426669,-0.007819247,-0.008612112,-0.009526622,-0.009434013,-0.010174471,-0.011471322,-0.010690694,-0.014608802,-0.0164782,-0.025819925,-0.021203619,-0.021364773,-0.025954006,-0.02764617,-0.014727539,0.072086991,0.320264382,0.060813966,-0.020815051,-0.243639323,-0.005330907,-0.002432962,-0.012468354,-0.004986417,-0.008354037,-0.002432962,-0.001884549,-0.001088036,-0.012782957,0.028974829,-0.532402791,0.361631971,0.000872858
urgent_1,-0.004596291,-0.002199606,-0.004955172,0.00468478,0.007194096,-0.000494169,-0.006616205,0.012249073,-0.002305988,-0.003902431,0.009756461,0.006280325,0.0047637,-0.002432962,-0.002453334,-0.00058713,-0.000637557,-1.84E-05,-9.21E-05,0.007693925,-0.001887422,-0.000722226,-0.000186966,-0.000888646,-0.003862071,-0.000352339,-0.00020763,-0.000128928,0.005072004,-0.000286749,0.057131542,-0.000132818,0.055337511,-0.000163725,-0.000161638,-0.000177651,-0.000197567,-0.000189672,-0.00025669,-0.000293207,-0.000467088,-0.000498347,-0.00039092,-0.000478686,-0.001165035,-0.000879286,-0.000992126,-0.002848471,0.007619162,0.001120119,-0.006584303,-0.00011936,-4.12E-05,0.103037598,-8.44E-05,0.116333719,1,-3.19E-05,-1.84E-05,-0.000264523,-0.00054416,0.003111845,-0.002406526,0.00058713
